{"cameraMode":{"drawMode":0,"name":"Shaded","section":"Shading Mode"},"sceneLighting":true,"audioPlay":false,"sceneViewState":{"showFog":true,"showMaterialUpdate":false,"showSkybox":true,"showFlares":true,"showImageEffects":true,"showParticleSystems":true},"in2DMode":false,"pivot":{"x":500.0,"y":97.25601196289063,"z":-58.20000457763672},"rotation":{"x":-0.010764208622276783,"y":-0.6963424682617188,"z":0.01044580340385437,"w":-0.717552900314331},"size":464.2107849121094,"orthographic":true}