{"cameraMode":{"drawMode":0,"name":"Shaded","section":"Shading Mode"},"sceneLighting":true,"audioPlay":false,"sceneViewState":{"showFog":true,"showMaterialUpdate":false,"showSkybox":true,"showFlares":true,"showImageEffects":true,"showParticleSystems":true},"in2DMode":false,"pivot":{"x":500.0,"y":63.156009674072269,"z":-16.699996948242189},"rotation":{"x":0.015134967863559723,"y":0.6930319666862488,"z":-0.014555636793375016,"w":0.7206010222434998},"size":439.8851013183594,"orthographic":true}